subject,predicate,object
New Hampshire Supreme Court,Court,Wyman v. Stark
New Hampshire Supreme Court,Court,"Engineering Associates of New England, Inc. v. B & L Liquidating Corp."
"King, J.",Judge/Justice,"Engineering Associates of New England, Inc. v. B & L Liquidating Corp."
"Leeper, supra at 297",Judge/Justice,"Engineering Associates of New England, Inc. v. B & L Liquidating Corp."
"Hanson v. Denckla, 357 U.S. 235, 250-51 (1958)",Precedent Cited,"Engineering Associates of New England, Inc. v. B & L Liquidating Corp."
"Taylor v. Company, 97 N.H. 517, 521, 92 A.2d 910, 913 (1952)",Precedent Cited,"Engineering Associates of New England, Inc. v. B & L Liquidating Corp."
"Perkins v. Benguet Mining Co., 342 U.S. 437 (1952)",Precedent Cited,"Engineering Associates of New England, Inc. v. B & L Liquidating Corp."
"Restatement (Second) of Conflict of Laws ยง 35, Comment e at 145 (1971)",Precedent Cited,"Engineering Associates of New England, Inc. v. B & L Liquidating Corp."
"Hanson v. Denckla, supra at 253",Precedent Cited,"Engineering Associates of New England, Inc. v. B & L Liquidating Corp."
"Leeper v. Leeper, 114 N.H. 294, 297, 319 A.2d 626, 628 (1974)",Precedent Cited,"Engineering Associates of New England, Inc. v. B & L Liquidating Corp."
"International Shoe Co. v. Washington, 326 U.S. 310 (1945)",Precedent Cited,"Engineering Associates of New England, Inc. v. B & L Liquidating Corp."
"Whitaker Corp. v. United Aircraft Corp., 482 F.2d 1079 (1st Cir. 1973)",Precedent Cited,"Engineering Associates of New England, Inc. v. B & L Liquidating Corp."
"Leeper, supra at 294",Judge/Justice,"Engineering Associates of New England, Inc. v. B & L Liquidating Corp."
"Leeper v. Leeper, 114 N.H. 294, 319 A.2d 626 (1974)",Precedent Cited,"Engineering Associates of New England, Inc. v. B & L Liquidating Corp."
New York Business Corporation Law ยง1001-09 (McKinney 1963),Precedent Cited,"Engineering Associates of New England, Inc. v. B & L Liquidating Corp."
New Hampshire Supreme Court,Court,Opinion of the Justices
New Hampshire Supreme Court,Court,State v. Collins
"279, 285",Judge/Justice,State v. Collins
"71, 73",Judge/Justice,State v. Collins
